teach-node-06:40190,1,teach-node-06:40190,10:36:50.181982000,10:36:50.491424000,10:36:50.538257000
teach-node-06:40190,1,teach-node-06:40290,10:36:50.181982000,10:36:50.550759000,10:36:50.575681000
teach-node-06:40190,1,teach-node-06:40390,10:36:50.181982000,10:36:50.584596000,10:36:50.676763000
teach-node-06:40190,1,teach-node-06:40490,10:36:50.181982000,10:36:50.496673000,10:36:50.533969000
teach-node-06:40190,2,teach-node-06:40190,10:36:50.286940000,10:36:50.497208000,10:36:50.577603000
teach-node-06:40190,2,teach-node-06:40290,10:36:50.286940000,10:36:50.563527000,10:36:50.589040000
teach-node-06:40190,2,teach-node-06:40390,10:36:50.286940000,10:36:50.592045000,10:36:50.682476000
teach-node-06:40190,2,teach-node-06:40490,10:36:50.286940000,10:36:50.527853000,10:36:50.537953000
teach-node-06:40190,3,teach-node-06:40190,10:36:50.313846000,10:36:50.497627000,10:36:50.587445000
teach-node-06:40190,3,teach-node-06:40290,10:36:50.313846000,10:36:50.564871000,
teach-node-06:40190,3,teach-node-06:40390,10:36:50.313846000,10:36:50.594664000,10:36:50.684120000
teach-node-06:40190,3,teach-node-06:40490,10:36:50.313846000,10:36:50.528282000,10:36:50.545476000
teach-node-06:40190,4,teach-node-06:40190,10:36:50.344473000,10:36:50.498101000,10:36:50.601765000
teach-node-06:40190,4,teach-node-06:40290,10:36:50.344473000,10:36:50.583590000,10:36:50.610550000
teach-node-06:40190,4,teach-node-06:40390,10:36:50.344473000,10:36:50.595716000,10:36:50.749112000
teach-node-06:40190,4,teach-node-06:40490,10:36:50.344473000,10:36:50.528698000,10:36:50.567177000
teach-node-06:40190,5,teach-node-06:40190,10:36:50.349685000,10:36:50.498621000,10:36:50.602549000
teach-node-06:40190,5,teach-node-06:40290,10:36:50.349685000,10:36:50.584527000,10:36:50.620480000
teach-node-06:40190,5,teach-node-06:40390,10:36:50.349685000,10:36:50.613195000,10:36:50.751635000
teach-node-06:40190,5,teach-node-06:40490,10:36:50.349685000,10:36:50.531527000,10:36:50.585708000
teach-node-06:40190,6,teach-node-06:40190,10:36:50.356119000,10:36:50.499313000,
teach-node-06:40190,6,teach-node-06:40290,10:36:50.356119000,10:36:50.592424000,10:36:50.628006000
teach-node-06:40190,6,teach-node-06:40390,10:36:50.356119000,10:36:50.614050000,10:36:50.770975000
teach-node-06:40190,6,teach-node-06:40490,10:36:50.356119000,10:36:50.535034000,10:36:50.586384000
teach-node-06:40190,7,teach-node-06:40190,10:36:50.366428000,10:36:50.535294000,10:36:50.688845000
teach-node-06:40190,7,teach-node-06:40290,10:36:50.366428000,10:36:50.610332000,10:36:50.753735000
teach-node-06:40190,7,teach-node-06:40390,10:36:50.366428000,10:36:50.614824000,10:36:50.772357000
teach-node-06:40190,7,teach-node-06:40490,10:36:50.366428000,10:36:50.535410000,10:36:50.597122000
teach-node-06:40190,8,teach-node-06:40190,10:36:50.374009000,10:36:50.561348000,10:36:50.690006000
teach-node-06:40190,8,teach-node-06:40290,10:36:50.374009000,10:36:50.664937000,10:36:50.798832000
teach-node-06:40190,8,teach-node-06:40390,10:36:50.374009000,10:36:50.615619000,10:36:50.789025000
teach-node-06:40190,8,teach-node-06:40490,10:36:50.374009000,10:36:50.538515000,10:36:50.606600000
teach-node-06:40190,9,teach-node-06:40190,10:36:50.378736000,10:36:50.561914000,10:36:50.735944000
teach-node-06:40190,9,teach-node-06:40290,10:36:50.378736000,10:36:50.672257000,10:36:50.807385000
teach-node-06:40190,9,teach-node-06:40390,10:36:50.378736000,10:36:50.616455000,10:36:50.789929000
teach-node-06:40190,9,teach-node-06:40490,10:36:50.378736000,10:36:50.550586000,10:36:50.607257000
teach-node-06:40190,10,teach-node-06:40190,10:36:50.383375000,10:36:50.582633000,10:36:50.737836000
teach-node-06:40190,10,teach-node-06:40290,10:36:50.383375000,10:36:50.675041000,10:36:50.828005000
teach-node-06:40190,10,teach-node-06:40390,10:36:50.383375000,10:36:50.617326000,10:36:50.790826000
teach-node-06:40190,10,teach-node-06:40490,10:36:50.383375000,10:36:50.551061000,
teach-node-06:40190,11,teach-node-06:40190,10:36:50.452318000,10:36:50.583324000,10:36:50.738643000
teach-node-06:40190,11,teach-node-06:40290,10:36:50.452318000,10:36:50.679133000,10:36:50.831634000
teach-node-06:40190,11,teach-node-06:40390,10:36:50.452318000,10:36:50.618139000,10:36:50.791612000
teach-node-06:40190,11,teach-node-06:40490,10:36:50.452318000,10:36:50.555225000,10:36:50.612995000
teach-node-06:40190,12,teach-node-06:40190,10:36:50.535314000,10:36:50.583725000,10:36:50.745441000
teach-node-06:40190,12,teach-node-06:40290,10:36:50.535314000,10:36:50.680341000,10:36:50.833864000
teach-node-06:40190,12,teach-node-06:40390,10:36:50.535314000,10:36:50.619041000,10:36:50.792374000
teach-node-06:40190,12,teach-node-06:40490,10:36:50.535314000,10:36:50.576554000,10:36:50.646602000
teach-node-06:40190,13,teach-node-06:40190,10:36:50.556513000,10:36:50.591235000,10:36:50.746186000
teach-node-06:40190,13,teach-node-06:40290,10:36:50.556513000,10:36:50.698125000,10:36:50.836939000
teach-node-06:40190,13,teach-node-06:40390,10:36:50.556513000,10:36:50.619938000,10:36:50.793136000
teach-node-06:40190,13,teach-node-06:40490,10:36:50.556513000,10:36:50.577084000,10:36:50.647175000
teach-node-06:40190,14,teach-node-06:40190,10:36:50.558154000,10:36:50.591678000,10:36:50.752969000
teach-node-06:40190,14,teach-node-06:40290,10:36:50.558154000,10:36:50.715276000,10:36:50.839995000
teach-node-06:40190,14,teach-node-06:40390,10:36:50.558154000,10:36:50.622092000,10:36:50.793882000
teach-node-06:40190,14,teach-node-06:40490,10:36:50.558154000,10:36:50.577480000,10:36:50.647749000
teach-node-06:40190,15,teach-node-06:40190,10:36:50.559639000,10:36:50.592485000,10:36:50.753743000
teach-node-06:40190,15,teach-node-06:40290,10:36:50.559639000,10:36:50.718149000,10:36:50.847683000
teach-node-06:40190,15,teach-node-06:40390,10:36:50.559639000,10:36:50.622973000,10:36:50.810838000
teach-node-06:40190,15,teach-node-06:40490,10:36:50.559639000,10:36:50.589610000,10:36:50.652467000
teach-node-06:40190,16,teach-node-06:40190,10:36:50.587116000,10:36:50.597084000,10:36:50.759496000
teach-node-06:40190,16,teach-node-06:40290,10:36:50.587116000,10:36:50.741317000,10:36:50.849078000
teach-node-06:40190,16,teach-node-06:40390,10:36:50.587116000,10:36:50.623765000,10:36:50.824026000
teach-node-06:40190,16,teach-node-06:40490,10:36:50.587116000,10:36:50.608969000,10:36:50.727099000
teach-node-06:40190,17,teach-node-06:40190,10:36:50.593277000,10:36:50.604884000,10:36:50.764828000
teach-node-06:40190,17,teach-node-06:40290,10:36:50.593277000,10:36:50.753298000,10:36:50.849758000
teach-node-06:40190,17,teach-node-06:40390,10:36:50.593277000,10:36:50.634410000,10:36:50.840599000
teach-node-06:40190,17,teach-node-06:40490,10:36:50.593277000,10:36:50.639739000,10:36:50.727683000
teach-node-06:40190,18,teach-node-06:40190,10:36:50.594593000,10:36:50.605304000,10:36:50.796643000
teach-node-06:40190,18,teach-node-06:40290,10:36:50.594593000,10:36:50.754439000,10:36:50.898901000
teach-node-06:40190,18,teach-node-06:40390,10:36:50.594593000,10:36:50.635612000,10:36:50.842820000
teach-node-06:40190,18,teach-node-06:40490,10:36:50.594593000,10:36:50.640147000,
teach-node-06:40190,19,teach-node-06:40190,10:36:50.595802000,10:36:50.610014000,10:36:50.797240000
teach-node-06:40190,19,teach-node-06:40290,10:36:50.595802000,10:36:50.758645000,10:36:50.899546000
teach-node-06:40190,19,teach-node-06:40390,10:36:50.595802000,10:36:50.636515000,10:36:50.843587000
teach-node-06:40190,19,teach-node-06:40490,10:36:50.595802000,10:36:50.648838000,
teach-node-06:40190,20,teach-node-06:40190,10:36:50.613664000,10:36:50.646780000,10:36:50.800238000
teach-node-06:40190,20,teach-node-06:40290,10:36:50.613664000,10:36:50.759134000,10:36:50.900205000
teach-node-06:40190,20,teach-node-06:40390,10:36:50.613664000,10:36:50.644892000,
teach-node-06:40190,20,teach-node-06:40490,10:36:50.613664000,10:36:50.655393000,10:36:50.730206000
teach-node-06:40190,21,teach-node-06:40190,10:36:50.615015000,10:36:50.656966000,10:36:50.801215000
teach-node-06:40190,21,teach-node-06:40290,10:36:50.615015000,10:36:50.759528000,10:36:50.900791000
teach-node-06:40190,21,teach-node-06:40390,10:36:50.615015000,10:36:50.645885000,10:36:50.845989000
teach-node-06:40190,21,teach-node-06:40490,10:36:50.615015000,10:36:50.657370000,10:36:50.730707000
teach-node-06:40190,22,teach-node-06:40190,10:36:50.625232000,10:36:50.658027000,
teach-node-06:40190,22,teach-node-06:40290,10:36:50.625232000,10:36:50.759970000,10:36:50.901384000
teach-node-06:40190,22,teach-node-06:40390,10:36:50.625232000,10:36:50.646715000,
teach-node-06:40190,22,teach-node-06:40490,10:36:50.625232000,10:36:50.657705000,10:36:50.731225000
teach-node-06:40190,23,teach-node-06:40190,10:36:50.626524000,10:36:50.661246000,10:36:50.809333000
teach-node-06:40190,23,teach-node-06:40290,10:36:50.626524000,10:36:50.762555000,10:36:50.902627000
teach-node-06:40190,23,teach-node-06:40390,10:36:50.626524000,10:36:50.648011000,10:36:50.852729000
teach-node-06:40190,23,teach-node-06:40490,10:36:50.626524000,10:36:50.660493000,10:36:50.737358000
teach-node-06:40190,24,teach-node-06:40190,10:36:50.627787000,10:36:50.662090000,10:36:50.817251000
teach-node-06:40190,24,teach-node-06:40290,10:36:50.627787000,10:36:50.763056000,10:36:50.903227000
teach-node-06:40190,24,teach-node-06:40390,10:36:50.627787000,10:36:50.659913000,10:36:50.872249000
teach-node-06:40190,24,teach-node-06:40490,10:36:50.627787000,10:36:50.663396000,10:36:50.737934000
teach-node-06:40190,25,teach-node-06:40190,10:36:50.633503000,10:36:50.668758000,10:36:50.821245000
teach-node-06:40190,25,teach-node-06:40290,10:36:50.633503000,10:36:50.763416000,10:36:50.903845000
teach-node-06:40190,25,teach-node-06:40390,10:36:50.633503000,10:36:50.677580000,10:36:50.875198000
teach-node-06:40190,25,teach-node-06:40490,10:36:50.633503000,10:36:50.663721000,10:36:50.738481000
teach-node-06:40190,26,teach-node-06:40190,10:36:50.640056000,10:36:50.669594000,10:36:50.829135000
teach-node-06:40190,26,teach-node-06:40290,10:36:50.640056000,10:36:50.763787000,10:36:50.940569000
teach-node-06:40190,26,teach-node-06:40390,10:36:50.640056000,10:36:50.679981000,10:36:50.880776000
teach-node-06:40190,26,teach-node-06:40490,10:36:50.640056000,10:36:50.666537000,10:36:50.739558000
teach-node-06:40190,27,teach-node-06:40190,10:36:50.641292000,10:36:50.680593000,10:36:50.832046000
teach-node-06:40190,27,teach-node-06:40290,10:36:50.641292000,10:36:50.764179000,10:36:50.949098000
teach-node-06:40190,27,teach-node-06:40390,10:36:50.641292000,10:36:50.680687000,10:36:50.888852000
teach-node-06:40190,27,teach-node-06:40490,10:36:50.641292000,10:36:50.667010000,10:36:50.741547000
teach-node-06:40190,28,teach-node-06:40190,10:36:50.642464000,10:36:50.681009000,10:36:50.863185000
teach-node-06:40190,28,teach-node-06:40290,10:36:50.642464000,10:36:50.764753000,
teach-node-06:40190,28,teach-node-06:40390,10:36:50.642464000,10:36:50.681998000,10:36:50.907113000
teach-node-06:40190,28,teach-node-06:40490,10:36:50.642464000,10:36:50.672356000,10:36:50.773094000
teach-node-06:40190,29,teach-node-06:40190,10:36:50.643664000,10:36:50.681414000,
teach-node-06:40190,29,teach-node-06:40290,10:36:50.643664000,10:36:50.766188000,
teach-node-06:40190,29,teach-node-06:40390,10:36:50.643664000,10:36:50.705936000,10:36:50.930097000
teach-node-06:40190,29,teach-node-06:40490,10:36:50.643664000,10:36:50.673325000,10:36:50.773575000
teach-node-06:40190,30,teach-node-06:40190,10:36:50.666672000,10:36:50.681905000,10:36:50.864651000
teach-node-06:40190,30,teach-node-06:40290,10:36:50.666672000,10:36:50.776712000,
teach-node-06:40190,30,teach-node-06:40390,10:36:50.666672000,10:36:50.737561000,10:36:50.930742000
teach-node-06:40190,30,teach-node-06:40490,10:36:50.666672000,10:36:50.679469000,10:36:50.788938000
teach-node-06:40190,31,teach-node-06:40190,10:36:50.668088000,10:36:50.682296000,10:36:50.868442000
teach-node-06:40190,31,teach-node-06:40290,10:36:50.668088000,10:36:50.777162000,
teach-node-06:40190,31,teach-node-06:40390,10:36:50.668088000,10:36:50.738178000,10:36:50.952426000
teach-node-06:40190,31,teach-node-06:40490,10:36:50.668088000,10:36:50.692842000,10:36:50.792292000
teach-node-06:40190,32,teach-node-06:40190,10:36:50.682454000,10:36:50.693058000,10:36:50.869466000
teach-node-06:40190,32,teach-node-06:40290,10:36:50.682454000,10:36:50.777638000,10:36:50.969381000
teach-node-06:40190,32,teach-node-06:40390,10:36:50.682454000,10:36:50.738871000,10:36:50.954431000
teach-node-06:40190,32,teach-node-06:40490,10:36:50.682454000,10:36:50.714526000,10:36:50.792796000
teach-node-06:40190,33,teach-node-06:40190,10:36:50.683765000,10:36:50.716442000,10:36:50.871991000
teach-node-06:40190,33,teach-node-06:40290,10:36:50.683765000,10:36:50.778111000,10:36:50.970025000
teach-node-06:40190,33,teach-node-06:40390,10:36:50.683765000,10:36:50.739480000,10:36:50.955858000
teach-node-06:40190,33,teach-node-06:40490,10:36:50.683765000,10:36:50.716128000,10:36:50.793300000
teach-node-06:40190,34,teach-node-06:40190,10:36:50.685389000,10:36:50.721343000,10:36:50.874534000
teach-node-06:40190,34,teach-node-06:40290,10:36:50.685389000,10:36:50.778604000,10:36:50.971371000
teach-node-06:40190,34,teach-node-06:40390,10:36:50.685389000,10:36:50.740100000,
teach-node-06:40190,34,teach-node-06:40490,10:36:50.685389000,10:36:50.720023000,10:36:50.793772000
teach-node-06:40190,35,teach-node-06:40190,10:36:50.686530000,10:36:50.728151000,10:36:50.898352000
teach-node-06:40190,35,teach-node-06:40290,10:36:50.686530000,10:36:50.779233000,10:36:50.972042000
teach-node-06:40190,35,teach-node-06:40390,10:36:50.686530000,10:36:50.741060000,10:36:50.956718000
teach-node-06:40190,35,teach-node-06:40490,10:36:50.686530000,10:36:50.721057000,10:36:50.794302000
teach-node-06:40190,36,teach-node-06:40190,10:36:50.687686000,10:36:50.736899000,10:36:50.899530000
teach-node-06:40190,36,teach-node-06:40290,10:36:50.687686000,10:36:50.797158000,10:36:50.973329000
teach-node-06:40190,36,teach-node-06:40390,10:36:50.687686000,10:36:50.743087000,
teach-node-06:40190,36,teach-node-06:40490,10:36:50.687686000,10:36:50.723240000,10:36:50.796437000
teach-node-06:40190,37,teach-node-06:40190,10:36:50.702091000,10:36:50.742321000,10:36:50.900042000
teach-node-06:40190,37,teach-node-06:40290,10:36:50.702091000,10:36:50.797624000,10:36:50.973981000
teach-node-06:40190,37,teach-node-06:40390,10:36:50.702091000,10:36:50.743723000,10:36:50.958445000
teach-node-06:40190,37,teach-node-06:40490,10:36:50.702091000,10:36:50.736734000,10:36:50.818838000
teach-node-06:40190,38,teach-node-06:40190,10:36:50.732506000,10:36:50.742768000,10:36:50.901026000
teach-node-06:40190,38,teach-node-06:40290,10:36:50.732506000,10:36:50.798127000,10:36:50.988713000
teach-node-06:40190,38,teach-node-06:40390,10:36:50.732506000,10:36:50.756683000,10:36:50.976546000
teach-node-06:40190,38,teach-node-06:40490,10:36:50.732506000,10:36:50.766660000,10:36:50.835166000
teach-node-06:40190,39,teach-node-06:40190,10:36:50.747255000,10:36:50.757081000,
teach-node-06:40190,39,teach-node-06:40290,10:36:50.747255000,10:36:50.798677000,10:36:50.997483000
teach-node-06:40190,39,teach-node-06:40390,10:36:50.747255000,10:36:50.796112000,10:36:50.977174000
teach-node-06:40190,39,teach-node-06:40490,10:36:50.747255000,10:36:50.772507000,10:36:50.838091000
teach-node-06:40190,40,teach-node-06:40190,10:36:50.748415000,10:36:50.796358000,10:36:51.042482000
teach-node-06:40190,40,teach-node-06:40290,10:36:50.748415000,10:36:50.799229000,10:36:50.998756000
teach-node-06:40190,40,teach-node-06:40390,10:36:50.748415000,10:36:50.808965000,10:36:50.977764000
teach-node-06:40190,40,teach-node-06:40490,10:36:50.748415000,10:36:50.778711000,10:36:50.838572000
teach-node-06:40190,41,teach-node-06:40190,10:36:50.749463000,10:36:50.801552000,10:36:51.044423000
teach-node-06:40190,41,teach-node-06:40290,10:36:50.749463000,10:36:50.799673000,10:36:50.999320000
teach-node-06:40190,41,teach-node-06:40390,10:36:50.749463000,10:36:50.809365000,10:36:50.978366000
teach-node-06:40190,41,teach-node-06:40490,10:36:50.749463000,10:36:50.801441000,10:36:50.839035000
teach-node-06:40190,42,teach-node-06:40190,10:36:50.750498000,10:36:50.804573000,
teach-node-06:40190,42,teach-node-06:40290,10:36:50.750498000,10:36:50.805283000,10:36:50.999919000
teach-node-06:40190,42,teach-node-06:40390,10:36:50.750498000,10:36:50.809732000,10:36:50.978961000
teach-node-06:40190,42,teach-node-06:40490,10:36:50.750498000,10:36:50.806451000,
teach-node-06:40190,43,teach-node-06:40190,10:36:50.796007000,10:36:50.807065000,10:36:51.046469000
teach-node-06:40190,43,teach-node-06:40290,10:36:50.796007000,10:36:50.807956000,10:36:51.000513000
teach-node-06:40190,43,teach-node-06:40390,10:36:50.796007000,10:36:50.810111000,
teach-node-06:40190,43,teach-node-06:40490,10:36:50.796007000,10:36:50.813013000,10:36:50.839636000
teach-node-06:40190,44,teach-node-06:40190,10:36:50.808566000,10:36:50.812640000,10:36:51.048323000
teach-node-06:40190,44,teach-node-06:40290,10:36:50.808566000,10:36:50.813174000,10:36:51.001111000
teach-node-06:40190,44,teach-node-06:40390,10:36:50.808566000,10:36:50.811822000,10:36:50.979781000
teach-node-06:40190,44,teach-node-06:40490,10:36:50.808566000,10:36:50.819339000,10:36:50.856677000
teach-node-06:40190,45,teach-node-06:40190,10:36:50.811960000,10:36:50.818771000,10:36:51.050009000
teach-node-06:40190,45,teach-node-06:40290,10:36:50.811960000,10:36:50.818590000,10:36:51.001777000
teach-node-06:40190,45,teach-node-06:40390,10:36:50.811960000,10:36:50.818638000,10:36:50.980425000
teach-node-06:40190,45,teach-node-06:40490,10:36:50.811960000,10:36:50.823868000,
teach-node-06:40190,46,teach-node-06:40190,10:36:50.814258000,10:36:50.819658000,10:36:51.051479000
teach-node-06:40190,46,teach-node-06:40290,10:36:50.814258000,10:36:50.820731000,10:36:51.002460000
teach-node-06:40190,46,teach-node-06:40390,10:36:50.814258000,10:36:50.822443000,10:36:50.981019000
teach-node-06:40190,46,teach-node-06:40490,10:36:50.814258000,10:36:50.827247000,10:36:50.862750000
teach-node-06:40190,47,teach-node-06:40190,10:36:50.815180000,10:36:50.820039000,10:36:51.053323000
teach-node-06:40190,47,teach-node-06:40290,10:36:50.815180000,10:36:50.823278000,10:36:51.003074000
teach-node-06:40190,47,teach-node-06:40390,10:36:50.815180000,10:36:50.822989000,10:36:50.981677000
teach-node-06:40190,47,teach-node-06:40490,10:36:50.815180000,10:36:50.828751000,10:36:50.864066000
teach-node-06:40190,48,teach-node-06:40190,10:36:50.816139000,10:36:50.822492000,10:36:51.054629000
teach-node-06:40190,48,teach-node-06:40290,10:36:50.816139000,10:36:50.827861000,10:36:51.003644000
teach-node-06:40190,48,teach-node-06:40390,10:36:50.816139000,10:36:50.825342000,10:36:50.991703000
teach-node-06:40190,48,teach-node-06:40490,10:36:50.816139000,10:36:50.829034000,10:36:50.865179000
teach-node-06:40190,49,teach-node-06:40190,10:36:50.817048000,10:36:50.824450000,10:36:51.056437000
teach-node-06:40190,49,teach-node-06:40290,10:36:50.817048000,10:36:50.828684000,10:36:51.041176000
teach-node-06:40190,49,teach-node-06:40390,10:36:50.817048000,10:36:50.836143000,10:36:50.992988000
teach-node-06:40190,49,teach-node-06:40490,10:36:50.817048000,10:36:50.829447000,10:36:50.875585000
teach-node-06:40190,50,teach-node-06:40190,10:36:50.826060000,10:36:50.828821000,10:36:51.056859000
teach-node-06:40190,50,teach-node-06:40290,10:36:50.826060000,10:36:50.829652000,10:36:51.041802000
teach-node-06:40190,50,teach-node-06:40390,10:36:50.826060000,10:36:50.841159000,10:36:50.993590000
teach-node-06:40190,50,teach-node-06:40490,10:36:50.826060000,10:36:50.831498000,10:36:50.876351000
teach-node-06:40190,51,teach-node-06:40190,10:36:50.830852000,10:36:50.832558000,
teach-node-06:40190,51,teach-node-06:40290,10:36:50.830852000,10:36:50.833148000,10:36:51.045307000
teach-node-06:40190,51,teach-node-06:40390,10:36:50.830852000,10:36:50.861731000,10:36:50.994151000
teach-node-06:40190,51,teach-node-06:40490,10:36:50.830852000,10:36:50.861523000,10:36:50.877646000
teach-node-06:40190,52,teach-node-06:40190,10:36:50.843306000,10:36:50.861229000,10:36:51.057711000
teach-node-06:40190,52,teach-node-06:40290,10:36:50.843306000,10:36:50.845067000,10:36:51.047015000
teach-node-06:40190,52,teach-node-06:40390,10:36:50.843306000,10:36:50.863046000,10:36:50.994694000
teach-node-06:40190,52,teach-node-06:40490,10:36:50.843306000,10:36:50.862427000,10:36:50.879106000
teach-node-06:40190,53,teach-node-06:40190,10:36:50.857732000,10:36:50.862532000,10:36:51.062683000
teach-node-06:40190,53,teach-node-06:40290,10:36:50.857732000,10:36:50.863256000,10:36:51.047651000
teach-node-06:40190,53,teach-node-06:40390,10:36:50.857732000,10:36:50.865061000,10:36:50.995216000
teach-node-06:40190,53,teach-node-06:40490,10:36:50.857732000,10:36:50.864141000,10:36:50.887707000
teach-node-06:40190,54,teach-node-06:40190,10:36:50.859179000,10:36:50.865052000,10:36:51.067423000
teach-node-06:40190,54,teach-node-06:40290,10:36:50.859179000,10:36:50.882687000,10:36:51.048568000
teach-node-06:40190,54,teach-node-06:40390,10:36:50.859179000,10:36:50.866537000,10:36:50.995783000
teach-node-06:40190,54,teach-node-06:40490,10:36:50.859179000,10:36:50.867269000,10:36:50.896276000
teach-node-06:40190,55,teach-node-06:40190,10:36:50.866484000,10:36:50.867902000,10:36:51.068699000
teach-node-06:40190,55,teach-node-06:40290,10:36:50.866484000,10:36:50.883209000,
teach-node-06:40190,55,teach-node-06:40390,10:36:50.866484000,10:36:50.871507000,10:36:50.997727000
teach-node-06:40190,55,teach-node-06:40490,10:36:50.866484000,10:36:50.872468000,10:36:50.911138000
teach-node-06:40190,56,teach-node-06:40190,10:36:50.871452000,10:36:50.872947000,10:36:51.069107000
teach-node-06:40190,56,teach-node-06:40290,10:36:50.871452000,10:36:50.883802000,10:36:51.052716000
teach-node-06:40190,56,teach-node-06:40390,10:36:50.871452000,10:36:50.874390000,10:36:50.998252000
teach-node-06:40190,56,teach-node-06:40490,10:36:50.871452000,10:36:50.874981000,10:36:50.916538000
teach-node-06:40190,57,teach-node-06:40190,10:36:50.874387000,10:36:50.875902000,10:36:51.069485000
teach-node-06:40190,57,teach-node-06:40290,10:36:50.874387000,10:36:50.888933000,10:36:51.056380000
teach-node-06:40190,57,teach-node-06:40390,10:36:50.874387000,10:36:50.880128000,10:36:50.998814000
teach-node-06:40190,57,teach-node-06:40490,10:36:50.874387000,10:36:50.878041000,10:36:50.917026000
teach-node-06:40190,58,teach-node-06:40190,10:36:50.877432000,10:36:50.878920000,10:36:51.069852000
teach-node-06:40190,58,teach-node-06:40290,10:36:50.877432000,10:36:50.889416000,10:36:51.058821000
teach-node-06:40190,58,teach-node-06:40390,10:36:50.877432000,10:36:50.880590000,10:36:50.999414000
teach-node-06:40190,58,teach-node-06:40490,10:36:50.877432000,10:36:50.881198000,10:36:50.924973000
teach-node-06:40190,59,teach-node-06:40190,10:36:50.880302000,10:36:50.881921000,10:36:51.070211000
teach-node-06:40190,59,teach-node-06:40290,10:36:50.880302000,10:36:50.891649000,10:36:51.060775000
teach-node-06:40190,59,teach-node-06:40390,10:36:50.880302000,10:36:50.885821000,10:36:50.999968000
teach-node-06:40190,59,teach-node-06:40490,10:36:50.880302000,10:36:50.893075000,10:36:50.925432000
teach-node-06:40190,60,teach-node-06:40190,10:36:50.885819000,10:36:50.888181000,10:36:51.070569000
teach-node-06:40190,60,teach-node-06:40290,10:36:50.885819000,10:36:50.891999000,10:36:51.061338000
teach-node-06:40190,60,teach-node-06:40390,10:36:50.885819000,10:36:50.891057000,10:36:51.000544000
teach-node-06:40190,60,teach-node-06:40490,10:36:50.885819000,10:36:50.893370000,10:36:50.925851000
teach-node-06:40190,61,teach-node-06:40190,10:36:50.889925000,10:36:50.893092000,10:36:51.070939000
teach-node-06:40190,61,teach-node-06:40290,10:36:50.889925000,10:36:50.896503000,10:36:51.061878000
teach-node-06:40190,61,teach-node-06:40390,10:36:50.889925000,10:36:50.896405000,10:36:51.001100000
teach-node-06:40190,61,teach-node-06:40490,10:36:50.889925000,10:36:50.896156000,10:36:50.926286000
teach-node-06:40190,62,teach-node-06:40190,10:36:50.893467000,10:36:50.897255000,10:36:51.071300000
teach-node-06:40190,62,teach-node-06:40290,10:36:50.893467000,10:36:50.896933000,10:36:51.088353000
teach-node-06:40190,62,teach-node-06:40390,10:36:50.893467000,10:36:50.898022000,10:36:51.001703000
teach-node-06:40190,62,teach-node-06:40490,10:36:50.893467000,10:36:50.938574000,10:36:50.944758000
teach-node-06:40190,63,teach-node-06:40190,10:36:50.911572000,10:36:50.941668000,10:36:51.071667000
teach-node-06:40190,63,teach-node-06:40290,10:36:50.911572000,10:36:50.937337000,10:36:51.088956000
teach-node-06:40190,63,teach-node-06:40390,10:36:50.911572000,10:36:50.952141000,10:36:51.022779000
teach-node-06:40190,63,teach-node-06:40490,10:36:50.911572000,10:36:50.966415000,10:36:50.967169000
teach-node-06:40190,64,teach-node-06:40190,10:36:50.912533000,10:36:50.942110000,10:36:51.072070000
teach-node-06:40190,64,teach-node-06:40290,10:36:50.912533000,10:36:50.952185000,10:36:51.089486000
teach-node-06:40190,64,teach-node-06:40390,10:36:50.912533000,10:36:50.952897000,
teach-node-06:40190,64,teach-node-06:40490,10:36:50.912533000,10:36:50.967031000,10:36:50.967862000
teach-node-06:40190,65,teach-node-06:40190,10:36:50.913445000,10:36:50.942413000,10:36:51.072446000
teach-node-06:40190,65,teach-node-06:40290,10:36:50.913445000,10:36:50.960534000,10:36:51.089990000
teach-node-06:40190,65,teach-node-06:40390,10:36:50.913445000,10:36:50.953333000,10:36:51.023542000
teach-node-06:40190,65,teach-node-06:40490,10:36:50.913445000,10:36:50.967401000,10:36:50.968580000
teach-node-06:40190,66,teach-node-06:40190,10:36:50.914330000,10:36:50.942693000,10:36:51.072810000
teach-node-06:40190,66,teach-node-06:40290,10:36:50.914330000,10:36:50.961056000,10:36:51.090530000
teach-node-06:40190,66,teach-node-06:40390,10:36:50.914330000,10:36:50.953818000,10:36:51.024084000
teach-node-06:40190,66,teach-node-06:40490,10:36:50.914330000,10:36:50.967654000,
teach-node-06:40190,67,teach-node-06:40190,10:36:50.915230000,10:36:50.942962000,10:36:51.073171000
teach-node-06:40190,67,teach-node-06:40290,10:36:50.915230000,10:36:50.961359000,10:36:51.091098000
teach-node-06:40190,67,teach-node-06:40390,10:36:50.915230000,10:36:50.954332000,10:36:51.024620000
teach-node-06:40190,67,teach-node-06:40490,10:36:50.915230000,10:36:50.968249000,10:36:50.969597000
teach-node-06:40190,68,teach-node-06:40190,10:36:50.917326000,10:36:50.943197000,10:36:51.073533000
teach-node-06:40190,68,teach-node-06:40290,10:36:50.917326000,10:36:50.961684000,10:36:51.091626000
teach-node-06:40190,68,teach-node-06:40390,10:36:50.917326000,10:36:50.954830000,10:36:51.025155000
teach-node-06:40190,68,teach-node-06:40490,10:36:50.917326000,10:36:50.968503000,10:36:50.970372000
teach-node-06:40190,69,teach-node-06:40190,10:36:50.918157000,10:36:50.943507000,10:36:51.073900000
teach-node-06:40190,69,teach-node-06:40290,10:36:50.918157000,10:36:50.961969000,10:36:51.092162000
teach-node-06:40190,69,teach-node-06:40390,10:36:50.918157000,10:36:50.955306000,10:36:51.025734000
teach-node-06:40190,69,teach-node-06:40490,10:36:50.918157000,10:36:50.968787000,10:36:50.971129000
teach-node-06:40190,70,teach-node-06:40190,10:36:50.919013000,10:36:50.943750000,10:36:51.074253000
teach-node-06:40190,70,teach-node-06:40290,10:36:50.919013000,10:36:50.962244000,10:36:51.092671000
teach-node-06:40190,70,teach-node-06:40390,10:36:50.919013000,10:36:50.955773000,10:36:51.026260000
teach-node-06:40190,70,teach-node-06:40490,10:36:50.919013000,10:36:50.969061000,10:36:50.971930000
teach-node-06:40190,71,teach-node-06:40190,10:36:50.919833000,10:36:50.944005000,10:36:51.074620000
teach-node-06:40190,71,teach-node-06:40290,10:36:50.919833000,10:36:50.962562000,10:36:51.093167000
teach-node-06:40190,71,teach-node-06:40390,10:36:50.919833000,10:36:50.960361000,10:36:51.026863000
teach-node-06:40190,71,teach-node-06:40490,10:36:50.919833000,10:36:50.969304000,
teach-node-06:40190,72,teach-node-06:40190,10:36:50.920630000,10:36:50.944262000,10:36:51.074992000
teach-node-06:40190,72,teach-node-06:40290,10:36:50.920630000,10:36:50.962876000,10:36:51.093684000
teach-node-06:40190,72,teach-node-06:40390,10:36:50.920630000,10:36:50.960674000,10:36:51.027391000
teach-node-06:40190,72,teach-node-06:40490,10:36:50.920630000,10:36:50.969557000,10:36:50.972977000
teach-node-06:40190,73,teach-node-06:40190,10:36:50.921405000,10:36:50.944501000,10:36:51.092404000
teach-node-06:40190,73,teach-node-06:40290,10:36:50.921405000,10:36:50.976142000,10:36:51.094191000
teach-node-06:40190,73,teach-node-06:40390,10:36:50.921405000,10:36:50.960996000,10:36:51.027945000
teach-node-06:40190,73,teach-node-06:40490,10:36:50.921405000,10:36:50.969809000,10:36:50.973338000
teach-node-06:40190,74,teach-node-06:40190,10:36:50.922219000,10:36:50.944762000,10:36:51.092813000
teach-node-06:40190,74,teach-node-06:40290,10:36:50.922219000,10:36:50.988700000,10:36:51.094729000
teach-node-06:40190,74,teach-node-06:40390,10:36:50.922219000,10:36:50.961344000,10:36:51.028516000
teach-node-06:40190,74,teach-node-06:40490,10:36:50.922219000,10:36:50.970060000,10:36:50.973712000
teach-node-06:40190,75,teach-node-06:40190,10:36:50.923050000,10:36:50.945053000,10:36:51.093172000
teach-node-06:40190,75,teach-node-06:40290,10:36:50.923050000,10:36:51.004584000,10:36:51.095313000
teach-node-06:40190,75,teach-node-06:40390,10:36:50.923050000,10:36:50.961660000,10:36:51.029119000
teach-node-06:40190,75,teach-node-06:40490,10:36:50.923050000,10:36:50.970325000,10:36:50.974115000
teach-node-06:40190,76,teach-node-06:40190,10:36:50.923829000,10:36:50.945342000,10:36:51.093552000
teach-node-06:40190,76,teach-node-06:40290,10:36:50.923829000,10:36:51.032786000,10:36:51.095829000
teach-node-06:40190,76,teach-node-06:40390,10:36:50.923829000,10:36:50.992044000,10:36:51.029642000
teach-node-06:40190,76,teach-node-06:40490,10:36:50.923829000,10:36:50.970575000,
teach-node-06:40190,77,teach-node-06:40190,10:36:50.953394000,10:36:50.989768000,10:36:51.093911000
teach-node-06:40190,77,teach-node-06:40290,10:36:50.953394000,10:36:51.033100000,10:36:51.104791000
teach-node-06:40190,77,teach-node-06:40390,10:36:50.953394000,10:36:50.996790000,
teach-node-06:40190,77,teach-node-06:40490,10:36:50.953394000,10:36:50.970818000,10:36:50.974600000
teach-node-06:40190,78,teach-node-06:40190,10:36:50.954196000,10:36:50.996837000,10:36:51.094289000
teach-node-06:40190,78,teach-node-06:40290,10:36:50.954196000,10:36:51.033410000,10:36:51.105298000
teach-node-06:40190,78,teach-node-06:40390,10:36:50.954196000,10:36:51.008661000,10:36:51.030363000
teach-node-06:40190,78,teach-node-06:40490,10:36:50.954196000,10:36:50.971073000,
teach-node-06:40190,79,teach-node-06:40190,10:36:50.955037000,10:36:51.004700000,10:36:51.094666000
teach-node-06:40190,79,teach-node-06:40290,10:36:50.955037000,10:36:51.033693000,10:36:51.105826000
teach-node-06:40190,79,teach-node-06:40390,10:36:50.955037000,10:36:51.010349000,10:36:51.030888000
teach-node-06:40190,79,teach-node-06:40490,10:36:50.955037000,10:36:50.971338000,10:36:50.975092000
teach-node-06:40190,80,teach-node-06:40190,10:36:50.955811000,10:36:51.005009000,10:36:51.095038000
teach-node-06:40190,80,teach-node-06:40290,10:36:50.955811000,10:36:51.033952000,10:36:51.106389000
teach-node-06:40190,80,teach-node-06:40390,10:36:50.955811000,10:36:51.010696000,10:36:51.031581000
teach-node-06:40190,80,teach-node-06:40490,10:36:50.955811000,10:36:50.971587000,10:36:50.975462000
teach-node-06:40190,81,teach-node-06:40190,10:36:50.956593000,10:36:51.005285000,
teach-node-06:40190,81,teach-node-06:40290,10:36:50.956593000,10:36:51.034203000,10:36:51.106946000
teach-node-06:40190,81,teach-node-06:40390,10:36:50.956593000,10:36:51.011099000,10:36:51.058152000
teach-node-06:40190,81,teach-node-06:40490,10:36:50.956593000,10:36:50.971855000,10:36:50.976195000
teach-node-06:40190,82,teach-node-06:40190,10:36:50.957384000,10:36:51.005595000,10:36:51.095519000
teach-node-06:40190,82,teach-node-06:40290,10:36:50.957384000,10:36:51.034477000,
teach-node-06:40190,82,teach-node-06:40390,10:36:50.957384000,10:36:51.011435000,10:36:51.058679000
teach-node-06:40190,82,teach-node-06:40490,10:36:50.957384000,10:36:50.972132000,10:36:50.976585000
teach-node-06:40190,83,teach-node-06:40190,10:36:50.958131000,10:36:51.005827000,10:36:51.095884000
teach-node-06:40190,83,teach-node-06:40290,10:36:50.958131000,10:36:51.034732000,10:36:51.107615000
teach-node-06:40190,83,teach-node-06:40390,10:36:50.958131000,10:36:51.011806000,10:36:51.065784000
teach-node-06:40190,83,teach-node-06:40490,10:36:50.958131000,10:36:50.972421000,10:36:50.976962000
teach-node-06:40190,84,teach-node-06:40190,10:36:50.958891000,10:36:51.006074000,10:36:51.096254000
teach-node-06:40190,84,teach-node-06:40290,10:36:50.958891000,10:36:51.034987000,10:36:51.108132000
teach-node-06:40190,84,teach-node-06:40390,10:36:50.958891000,10:36:51.012354000,10:36:51.068445000
teach-node-06:40190,84,teach-node-06:40490,10:36:50.958891000,10:36:50.972715000,10:36:50.977346000
teach-node-06:40190,85,teach-node-06:40190,10:36:50.959650000,10:36:51.006381000,10:36:51.096609000
teach-node-06:40190,85,teach-node-06:40290,10:36:50.959650000,10:36:51.035266000,10:36:51.108640000
teach-node-06:40190,85,teach-node-06:40390,10:36:50.959650000,10:36:51.012758000,10:36:51.075943000
teach-node-06:40190,85,teach-node-06:40490,10:36:50.959650000,10:36:51.009390000,10:36:51.009935000
teach-node-06:40190,86,teach-node-06:40190,10:36:51.004392000,10:36:51.010183000,10:36:51.096972000
teach-node-06:40190,86,teach-node-06:40290,10:36:51.004392000,10:36:51.035519000,10:36:51.109128000
teach-node-06:40190,86,teach-node-06:40390,10:36:51.004392000,10:36:51.013109000,10:36:51.081659000
teach-node-06:40190,86,teach-node-06:40490,10:36:51.004392000,10:36:51.013885000,10:36:51.014557000
teach-node-06:40190,87,teach-node-06:40190,10:36:51.011632000,10:36:51.014383000,10:36:51.097335000
teach-node-06:40190,87,teach-node-06:40290,10:36:51.011632000,10:36:51.035776000,10:36:51.109628000
teach-node-06:40190,87,teach-node-06:40390,10:36:51.011632000,10:36:51.015824000,10:36:51.100345000
teach-node-06:40190,87,teach-node-06:40490,10:36:51.011632000,10:36:51.017317000,10:36:51.017812000
teach-node-06:40190,88,teach-node-06:40190,10:36:51.015682000,10:36:51.016909000,10:36:51.097702000
teach-node-06:40190,88,teach-node-06:40290,10:36:51.015682000,10:36:51.036104000,10:36:51.110128000
teach-node-06:40190,88,teach-node-06:40390,10:36:51.015682000,10:36:51.019689000,
teach-node-06:40190,88,teach-node-06:40490,10:36:51.015682000,10:36:51.037374000,10:36:51.037954000
teach-node-06:40190,89,teach-node-06:40190,10:36:51.036659000,10:36:51.038073000,10:36:51.098071000
teach-node-06:40190,89,teach-node-06:40290,10:36:51.036659000,10:36:51.039164000,10:36:51.110641000
teach-node-06:40190,89,teach-node-06:40390,10:36:51.036659000,10:36:51.039545000,10:36:51.101106000
teach-node-06:40190,89,teach-node-06:40490,10:36:51.036659000,10:36:51.040279000,10:36:51.040749000
teach-node-06:40190,90,teach-node-06:40190,10:36:51.039739000,10:36:51.040985000,10:36:51.098427000
teach-node-06:40190,90,teach-node-06:40290,10:36:51.039739000,10:36:51.042029000,10:36:51.111181000
teach-node-06:40190,90,teach-node-06:40390,10:36:51.039739000,10:36:51.055065000,10:36:51.101633000
teach-node-06:40190,90,teach-node-06:40490,10:36:51.039739000,10:36:51.042858000,10:36:51.043365000
teach-node-06:40190,91,teach-node-06:40190,10:36:51.042333000,10:36:51.043695000,
teach-node-06:40190,91,teach-node-06:40290,10:36:51.042333000,10:36:51.044940000,10:36:51.111668000
teach-node-06:40190,91,teach-node-06:40390,10:36:51.042333000,10:36:51.055386000,10:36:51.102169000
teach-node-06:40190,91,teach-node-06:40490,10:36:51.042333000,10:36:51.045901000,
teach-node-06:40190,92,teach-node-06:40190,10:36:51.045339000,10:36:51.046817000,10:36:51.098916000
teach-node-06:40190,92,teach-node-06:40290,10:36:51.045339000,10:36:51.047322000,10:36:51.128668000
teach-node-06:40190,92,teach-node-06:40390,10:36:51.045339000,10:36:51.055671000,10:36:51.102657000
teach-node-06:40190,92,teach-node-06:40490,10:36:51.045339000,10:36:51.048775000,10:36:51.049253000
teach-node-06:40190,93,teach-node-06:40190,10:36:51.048144000,10:36:51.049485000,10:36:51.099306000
teach-node-06:40190,93,teach-node-06:40290,10:36:51.048144000,10:36:51.050520000,10:36:51.129178000
teach-node-06:40190,93,teach-node-06:40390,10:36:51.048144000,10:36:51.055965000,
teach-node-06:40190,93,teach-node-06:40490,10:36:51.048144000,10:36:51.051364000,
teach-node-06:40190,94,teach-node-06:40190,10:36:51.050799000,10:36:51.052298000,10:36:51.099665000
teach-node-06:40190,94,teach-node-06:40290,10:36:51.050799000,10:36:51.053309000,10:36:51.129685000
teach-node-06:40190,94,teach-node-06:40390,10:36:51.050799000,10:36:51.056262000,10:36:51.103340000
teach-node-06:40190,94,teach-node-06:40490,10:36:51.050799000,10:36:51.054217000,10:36:51.054715000
teach-node-06:40190,95,teach-node-06:40190,10:36:51.053651000,10:36:51.054977000,10:36:51.107156000
teach-node-06:40190,95,teach-node-06:40290,10:36:51.053651000,10:36:51.056814000,10:36:51.130181000
teach-node-06:40190,95,teach-node-06:40390,10:36:51.053651000,10:36:51.056557000,10:36:51.103832000
teach-node-06:40190,95,teach-node-06:40490,10:36:51.053651000,10:36:51.057813000,10:36:51.058303000
teach-node-06:40190,96,teach-node-06:40190,10:36:51.056346000,10:36:51.058375000,10:36:51.107540000
teach-node-06:40190,96,teach-node-06:40290,10:36:51.056346000,10:36:51.062211000,10:36:51.130699000
teach-node-06:40190,96,teach-node-06:40390,10:36:51.056346000,10:36:51.063963000,10:36:51.104352000
teach-node-06:40190,96,teach-node-06:40490,10:36:51.056346000,10:36:51.063400000,
teach-node-06:40190,97,teach-node-06:40190,10:36:51.059354000,10:36:51.063180000,
teach-node-06:40190,97,teach-node-06:40290,10:36:51.059354000,10:36:51.062998000,10:36:51.131219000
teach-node-06:40190,97,teach-node-06:40390,10:36:51.059354000,10:36:51.066115000,10:36:51.104851000
teach-node-06:40190,97,teach-node-06:40490,10:36:51.059354000,10:36:51.064320000,10:36:51.064656000
teach-node-06:40190,98,teach-node-06:40190,10:36:51.060047000,10:36:51.064833000,10:36:51.108071000
teach-node-06:40190,98,teach-node-06:40290,10:36:51.060047000,10:36:51.065078000,10:36:51.131705000
teach-node-06:40190,98,teach-node-06:40390,10:36:51.060047000,10:36:51.066391000,
teach-node-06:40190,98,teach-node-06:40490,10:36:51.060047000,10:36:51.065570000,10:36:51.065919000
teach-node-06:40190,99,teach-node-06:40190,10:36:51.060691000,10:36:51.067769000,10:36:51.108423000
teach-node-06:40190,99,teach-node-06:40290,10:36:51.060691000,10:36:51.065526000,10:36:51.132273000
teach-node-06:40190,99,teach-node-06:40390,10:36:51.060691000,10:36:51.066684000,10:36:51.105589000
teach-node-06:40190,99,teach-node-06:40490,10:36:51.060691000,10:36:51.068128000,10:36:51.068603000
teach-node-06:40190,100,teach-node-06:40190,10:36:51.061346000,10:36:51.068212000,10:36:51.113088000
teach-node-06:40190,100,teach-node-06:40290,10:36:51.061346000,10:36:51.067568000,10:36:51.132761000
teach-node-06:40190,100,teach-node-06:40390,10:36:51.061346000,10:36:51.066992000,10:36:51.106145000
teach-node-06:40190,100,teach-node-06:40490,10:36:51.061346000,10:36:51.068737000,10:36:51.069170000
teach-node-06:40290,1,teach-node-06:40190,10:36:50.402719000,10:36:50.552967000,10:36:50.718882000
teach-node-06:40290,1,teach-node-06:40290,10:36:50.402719000,10:36:50.556392000,10:36:50.608595000
teach-node-06:40290,1,teach-node-06:40390,10:36:50.402719000,10:36:50.586986000,10:36:50.634714000
teach-node-06:40290,1,teach-node-06:40490,10:36:50.402719000,10:36:50.546371000,10:36:50.605968000
teach-node-06:40290,2,teach-node-06:40190,10:36:50.454403000,10:36:50.578363000,10:36:50.719752000
teach-node-06:40290,2,teach-node-06:40290,10:36:50.454403000,10:36:50.583472000,10:36:50.621472000
teach-node-06:40290,2,teach-node-06:40390,10:36:50.454403000,10:36:50.588556000,10:36:50.640261000
teach-node-06:40290,2,teach-node-06:40490,10:36:50.454403000,10:36:50.573100000,10:36:50.648394000
teach-node-06:40290,3,teach-node-06:40190,10:36:50.503047000,10:36:50.579983000,10:36:50.740888000
teach-node-06:40290,3,teach-node-06:40290,10:36:50.503047000,10:36:50.585772000,10:36:50.623473000
teach-node-06:40290,3,teach-node-06:40390,10:36:50.503047000,10:36:50.589171000,10:36:50.641927000
teach-node-06:40290,3,teach-node-06:40490,10:36:50.503047000,10:36:50.578673000,10:36:50.649430000
teach-node-06:40290,4,teach-node-06:40190,10:36:50.505288000,10:36:50.588168000,10:36:50.743575000
teach-node-06:40290,4,teach-node-06:40290,10:36:50.505288000,10:36:50.586680000,10:36:50.625499000
teach-node-06:40290,4,teach-node-06:40390,10:36:50.505288000,10:36:50.589740000,10:36:50.643463000
teach-node-06:40290,4,teach-node-06:40490,10:36:50.505288000,10:36:50.587383000,10:36:50.650007000
teach-node-06:40290,5,teach-node-06:40190,10:36:50.525890000,10:36:50.588666000,10:36:50.758022000
teach-node-06:40290,5,teach-node-06:40290,10:36:50.525890000,10:36:50.590119000,10:36:50.626440000
teach-node-06:40290,5,teach-node-06:40390,10:36:50.525890000,10:36:50.590279000,10:36:50.645030000
teach-node-06:40290,5,teach-node-06:40490,10:36:50.525890000,10:36:50.587899000,10:36:50.650591000
teach-node-06:40490,1,teach-node-06:40190,10:36:50.086879000,10:36:50.487859000,10:36:50.496871000
teach-node-06:40490,1,teach-node-06:40290,10:36:50.086879000,10:36:50.550708000,10:36:50.597617000
teach-node-06:40490,1,teach-node-06:40390,10:36:50.086879000,10:36:50.584595000,10:36:50.601317000
teach-node-06:40490,1,teach-node-06:40490,10:36:50.086879000,10:36:50.419977000,10:36:50.450425000
teach-node-06:40490,2,teach-node-06:40190,10:36:50.119823000,10:36:50.494693000,10:36:50.528688000
teach-node-06:40490,2,teach-node-06:40290,10:36:50.119823000,10:36:50.565303000,10:36:50.598950000
teach-node-06:40490,2,teach-node-06:40390,10:36:50.119823000,10:36:50.591674000,10:36:50.678637000
teach-node-06:40490,2,teach-node-06:40490,10:36:50.119823000,10:36:50.448976000,10:36:50.523386000
teach-node-06:40490,3,teach-node-06:40190,10:36:50.133975000,10:36:50.495190000,
teach-node-06:40490,3,teach-node-06:40290,10:36:50.133975000,10:36:50.575575000,
teach-node-06:40490,3,teach-node-06:40390,10:36:50.133975000,10:36:50.593883000,
teach-node-06:40490,3,teach-node-06:40490,10:36:50.133975000,10:36:50.449505000,10:36:50.524281000
teach-node-06:40490,4,teach-node-06:40190,10:36:50.150500000,10:36:50.495660000,
teach-node-06:40490,4,teach-node-06:40290,10:36:50.150500000,10:36:50.584045000,10:36:50.622421000
teach-node-06:40490,4,teach-node-06:40390,10:36:50.150500000,10:36:50.595026000,10:36:50.685335000
teach-node-06:40490,4,teach-node-06:40490,10:36:50.150500000,10:36:50.462984000,10:36:50.525088000
teach-node-06:40490,5,teach-node-06:40190,10:36:50.187614000,10:36:50.527155000,10:36:50.603568000
teach-node-06:40490,5,teach-node-06:40290,10:36:50.187614000,10:36:50.586040000,10:36:50.624540000
teach-node-06:40490,5,teach-node-06:40390,10:36:50.187614000,10:36:50.604379000,10:36:50.686585000
teach-node-06:40490,5,teach-node-06:40490,10:36:50.187614000,10:36:50.463401000,10:36:50.526283000
teach-node-06:40490,6,teach-node-06:40190,10:36:50.194471000,10:36:50.528039000,
teach-node-06:40490,6,teach-node-06:40290,10:36:50.194471000,10:36:50.586989000,10:36:50.633761000
teach-node-06:40490,6,teach-node-06:40390,10:36:50.194471000,10:36:50.605135000,10:36:50.687842000
teach-node-06:40490,6,teach-node-06:40490,10:36:50.194471000,10:36:50.476793000,10:36:50.527436000
teach-node-06:40490,7,teach-node-06:40190,10:36:50.218267000,10:36:50.539210000,10:36:50.612858000
teach-node-06:40490,7,teach-node-06:40290,10:36:50.218267000,10:36:50.599795000,10:36:50.667376000
teach-node-06:40490,7,teach-node-06:40390,10:36:50.218267000,10:36:50.605669000,10:36:50.698863000
teach-node-06:40490,7,teach-node-06:40490,10:36:50.218267000,10:36:50.520309000,10:36:50.531621000
teach-node-06:40490,8,teach-node-06:40190,10:36:50.224832000,10:36:50.539628000,10:36:50.658792000
teach-node-06:40490,8,teach-node-06:40290,10:36:50.224832000,10:36:50.600266000,10:36:50.668374000
teach-node-06:40490,8,teach-node-06:40390,10:36:50.224832000,10:36:50.606198000,10:36:50.700198000
teach-node-06:40490,8,teach-node-06:40490,10:36:50.224832000,10:36:50.523226000,10:36:50.546171000
teach-node-06:40490,9,teach-node-06:40190,10:36:50.247740000,10:36:50.540257000,10:36:50.660105000
teach-node-06:40490,9,teach-node-06:40290,10:36:50.247740000,10:36:50.600675000,10:36:50.669350000
teach-node-06:40490,9,teach-node-06:40390,10:36:50.247740000,10:36:50.606718000,10:36:50.707029000
teach-node-06:40490,9,teach-node-06:40490,10:36:50.247740000,10:36:50.529401000,10:36:50.553234000
teach-node-06:40490,10,teach-node-06:40190,10:36:50.269040000,10:36:50.540652000,10:36:50.664350000
teach-node-06:40490,10,teach-node-06:40290,10:36:50.269040000,10:36:50.601115000,10:36:50.671924000
teach-node-06:40490,10,teach-node-06:40390,10:36:50.269040000,10:36:50.607258000,10:36:50.708166000
teach-node-06:40490,10,teach-node-06:40490,10:36:50.269040000,10:36:50.530843000,10:36:50.579219000
teach-node-06:40490,11,teach-node-06:40190,10:36:50.273999000,10:36:50.541099000,10:36:50.671299000
teach-node-06:40490,11,teach-node-06:40290,10:36:50.273999000,10:36:50.601528000,10:36:50.675297000
teach-node-06:40490,11,teach-node-06:40390,10:36:50.273999000,10:36:50.607750000,10:36:50.709206000
teach-node-06:40490,11,teach-node-06:40490,10:36:50.273999000,10:36:50.532689000,
teach-node-06:40490,12,teach-node-06:40190,10:36:50.279427000,10:36:50.541547000,10:36:50.672690000
teach-node-06:40490,12,teach-node-06:40290,10:36:50.279427000,10:36:50.601968000,10:36:50.677337000
teach-node-06:40490,12,teach-node-06:40390,10:36:50.279427000,10:36:50.608273000,10:36:50.736444000
teach-node-06:40490,12,teach-node-06:40490,10:36:50.279427000,10:36:50.533320000,10:36:50.589449000
teach-node-06:40490,13,teach-node-06:40190,10:36:50.306989000,10:36:50.554141000,10:36:50.717692000
teach-node-06:40490,13,teach-node-06:40290,10:36:50.306989000,10:36:50.602371000,10:36:50.678904000
teach-node-06:40490,13,teach-node-06:40390,10:36:50.306989000,10:36:50.608805000,10:36:50.741298000
teach-node-06:40490,13,teach-node-06:40490,10:36:50.306989000,10:36:50.537790000,10:36:50.605308000
teach-node-06:40490,14,teach-node-06:40190,10:36:50.322880000,10:36:50.578036000,10:36:50.732753000
teach-node-06:40490,14,teach-node-06:40290,10:36:50.322880000,10:36:50.602784000,10:36:50.681633000
teach-node-06:40490,14,teach-node-06:40390,10:36:50.322880000,10:36:50.609359000,
teach-node-06:40490,14,teach-node-06:40490,10:36:50.322880000,10:36:50.544476000,10:36:50.608594000
teach-node-06:40490,15,teach-node-06:40190,10:36:50.359398000,10:36:50.580250000,10:36:50.739457000
teach-node-06:40490,15,teach-node-06:40290,10:36:50.359398000,10:36:50.603202000,
teach-node-06:40490,15,teach-node-06:40390,10:36:50.359398000,10:36:50.609991000,10:36:50.748113000
teach-node-06:40490,15,teach-node-06:40490,10:36:50.359398000,10:36:50.553146000,
teach-node-06:40490,16,teach-node-06:40190,10:36:50.386776000,10:36:50.587912000,10:36:50.744399000
teach-node-06:40490,16,teach-node-06:40290,10:36:50.386776000,10:36:50.603637000,10:36:50.683094000
teach-node-06:40490,16,teach-node-06:40390,10:36:50.386776000,10:36:50.610497000,10:36:50.812770000
teach-node-06:40490,16,teach-node-06:40490,10:36:50.386776000,10:36:50.555268000,
teach-node-06:40490,17,teach-node-06:40190,10:36:50.400479000,10:36:50.588934000,10:36:50.757214000
teach-node-06:40490,17,teach-node-06:40290,10:36:50.400479000,10:36:50.604861000,10:36:50.683940000
teach-node-06:40490,17,teach-node-06:40390,10:36:50.400479000,10:36:50.624671000,10:36:50.813589000
teach-node-06:40490,17,teach-node-06:40490,10:36:50.400479000,10:36:50.561541000,10:36:50.645376000
teach-node-06:40490,18,teach-node-06:40190,10:36:50.417944000,10:36:50.597883000,10:36:50.758736000
teach-node-06:40490,18,teach-node-06:40290,10:36:50.417944000,10:36:50.605280000,10:36:50.684807000
teach-node-06:40490,18,teach-node-06:40390,10:36:50.417944000,10:36:50.625407000,10:36:50.814399000
teach-node-06:40490,18,teach-node-06:40490,10:36:50.417944000,10:36:50.562121000,10:36:50.646011000
teach-node-06:40490,19,teach-node-06:40190,10:36:50.419716000,10:36:50.601657000,10:36:50.797863000
teach-node-06:40490,19,teach-node-06:40290,10:36:50.419716000,10:36:50.605727000,
teach-node-06:40490,19,teach-node-06:40390,10:36:50.419716000,10:36:50.629016000,10:36:50.815236000
teach-node-06:40490,19,teach-node-06:40490,10:36:50.419716000,10:36:50.576691000,10:36:50.651231000
teach-node-06:40490,20,teach-node-06:40190,10:36:50.450872000,10:36:50.611985000,10:36:50.798486000
teach-node-06:40490,20,teach-node-06:40290,10:36:50.450872000,10:36:50.606169000,10:36:50.685927000
teach-node-06:40490,20,teach-node-06:40390,10:36:50.450872000,10:36:50.629868000,10:36:50.816066000
teach-node-06:40490,20,teach-node-06:40490,10:36:50.450872000,10:36:50.588816000,10:36:50.651850000
teach-node-06:40490,21,teach-node-06:40190,10:36:50.530305000,10:36:50.612341000,10:36:50.799077000
teach-node-06:40490,21,teach-node-06:40290,10:36:50.530305000,10:36:50.606585000,10:36:50.710176000
teach-node-06:40490,21,teach-node-06:40390,10:36:50.530305000,10:36:50.630544000,10:36:50.816872000
teach-node-06:40490,21,teach-node-06:40490,10:36:50.530305000,10:36:50.589318000,10:36:50.653030000
teach-node-06:40490,22,teach-node-06:40190,10:36:50.539225000,10:36:50.612724000,10:36:50.799637000
teach-node-06:40490,22,teach-node-06:40290,10:36:50.539225000,10:36:50.606999000,10:36:50.733792000
teach-node-06:40490,22,teach-node-06:40390,10:36:50.539225000,10:36:50.631277000,10:36:50.822584000
teach-node-06:40490,22,teach-node-06:40490,10:36:50.539225000,10:36:50.597114000,10:36:50.653619000
teach-node-06:40490,23,teach-node-06:40190,10:36:50.540502000,10:36:50.649267000,10:36:50.807966000
teach-node-06:40490,23,teach-node-06:40290,10:36:50.540502000,10:36:50.607461000,10:36:50.734597000
teach-node-06:40490,23,teach-node-06:40390,10:36:50.540502000,10:36:50.635006000,10:36:50.845183000
teach-node-06:40490,23,teach-node-06:40490,10:36:50.540502000,10:36:50.597663000,10:36:50.660181000
teach-node-06:40490,24,teach-node-06:40190,10:36:50.552085000,10:36:50.659256000,10:36:50.810000000
teach-node-06:40490,24,teach-node-06:40290,10:36:50.552085000,10:36:50.607927000,10:36:50.735407000
teach-node-06:40490,24,teach-node-06:40390,10:36:50.552085000,10:36:50.646001000,10:36:50.851806000
teach-node-06:40490,24,teach-node-06:40490,10:36:50.552085000,10:36:50.598175000,10:36:50.665946000
teach-node-06:40490,25,teach-node-06:40190,10:36:50.563163000,10:36:50.664170000,10:36:50.827508000
teach-node-06:40490,25,teach-node-06:40290,10:36:50.563163000,10:36:50.608358000,10:36:50.760602000
teach-node-06:40490,25,teach-node-06:40390,10:36:50.563163000,10:36:50.648485000,10:36:50.853498000
teach-node-06:40490,25,teach-node-06:40490,10:36:50.563163000,10:36:50.602804000,
teach-node-06:40490,26,teach-node-06:40190,10:36:50.579905000,10:36:50.673081000,10:36:50.867117000
teach-node-06:40490,26,teach-node-06:40290,10:36:50.579905000,10:36:50.629221000,10:36:50.761391000
teach-node-06:40490,26,teach-node-06:40390,10:36:50.579905000,10:36:50.656965000,10:36:50.854256000
teach-node-06:40490,26,teach-node-06:40490,10:36:50.579905000,10:36:50.603314000,10:36:50.681827000
teach-node-06:40490,27,teach-node-06:40190,10:36:50.589944000,10:36:50.689847000,10:36:50.868980000
teach-node-06:40490,27,teach-node-06:40290,10:36:50.589944000,10:36:50.629646000,10:36:50.762145000
teach-node-06:40490,27,teach-node-06:40390,10:36:50.589944000,10:36:50.657613000,10:36:50.855017000
teach-node-06:40490,27,teach-node-06:40490,10:36:50.589944000,10:36:50.603957000,10:36:50.724123000
teach-node-06:40490,28,teach-node-06:40190,10:36:50.592097000,10:36:50.701573000,10:36:50.870438000
teach-node-06:40490,28,teach-node-06:40290,10:36:50.592097000,10:36:50.630053000,10:36:50.766674000
teach-node-06:40490,28,teach-node-06:40390,10:36:50.592097000,10:36:50.658277000,10:36:50.855760000
teach-node-06:40490,28,teach-node-06:40490,10:36:50.592097000,10:36:50.621401000,10:36:50.728438000
teach-node-06:40490,29,teach-node-06:40190,10:36:50.593226000,10:36:50.718694000,
teach-node-06:40490,29,teach-node-06:40290,10:36:50.593226000,10:36:50.630456000,10:36:50.772448000
teach-node-06:40490,29,teach-node-06:40390,10:36:50.593226000,10:36:50.660688000,10:36:50.856546000
teach-node-06:40490,29,teach-node-06:40490,10:36:50.593226000,10:36:50.655036000,10:36:50.729168000
teach-node-06:40490,30,teach-node-06:40190,10:36:50.594382000,10:36:50.724564000,10:36:50.876161000
teach-node-06:40490,30,teach-node-06:40290,10:36:50.594382000,10:36:50.630908000,10:36:50.776162000
teach-node-06:40490,30,teach-node-06:40390,10:36:50.594382000,10:36:50.661303000,10:36:50.857989000
teach-node-06:40490,30,teach-node-06:40490,10:36:50.594382000,10:36:50.656783000,10:36:50.729699000
teach-node-06:40490,31,teach-node-06:40190,10:36:50.595477000,10:36:50.733724000,10:36:50.878169000
teach-node-06:40490,31,teach-node-06:40290,10:36:50.595477000,10:36:50.631382000,10:36:50.779370000
teach-node-06:40490,31,teach-node-06:40390,10:36:50.595477000,10:36:50.664666000,10:36:50.860133000
teach-node-06:40490,31,teach-node-06:40490,10:36:50.595477000,10:36:50.659753000,10:36:50.731749000
teach-node-06:40490,32,teach-node-06:40190,10:36:50.613620000,10:36:50.734047000,10:36:50.879908000
teach-node-06:40490,32,teach-node-06:40290,10:36:50.613620000,10:36:50.636226000,10:36:50.800706000
teach-node-06:40490,32,teach-node-06:40390,10:36:50.613620000,10:36:50.665386000,
teach-node-06:40490,32,teach-node-06:40490,10:36:50.613620000,10:36:50.661947000,
teach-node-06:40490,33,teach-node-06:40190,10:36:50.614998000,10:36:50.734449000,10:36:50.881530000
teach-node-06:40490,33,teach-node-06:40290,10:36:50.614998000,10:36:50.668549000,10:36:50.801505000
teach-node-06:40490,33,teach-node-06:40390,10:36:50.614998000,10:36:50.665989000,10:36:50.862641000
teach-node-06:40490,33,teach-node-06:40490,10:36:50.614998000,10:36:50.663452000,10:36:50.739039000
teach-node-06:40490,34,teach-node-06:40190,10:36:50.616080000,10:36:50.734780000,10:36:50.885993000
teach-node-06:40490,34,teach-node-06:40290,10:36:50.616080000,10:36:50.669791000,10:36:50.802252000
teach-node-06:40490,34,teach-node-06:40390,10:36:50.616080000,10:36:50.666581000,10:36:50.865532000
teach-node-06:40490,34,teach-node-06:40490,10:36:50.616080000,10:36:50.666898000,10:36:50.766235000
teach-node-06:40490,35,teach-node-06:40190,10:36:50.617111000,10:36:50.735128000,10:36:50.887284000
teach-node-06:40490,35,teach-node-06:40290,10:36:50.617111000,10:36:50.670424000,10:36:50.802910000
teach-node-06:40490,35,teach-node-06:40390,10:36:50.617111000,10:36:50.667227000,10:36:50.870674000
teach-node-06:40490,35,teach-node-06:40490,10:36:50.617111000,10:36:50.672681000,10:36:50.772586000
teach-node-06:40490,36,teach-node-06:40190,10:36:50.618191000,10:36:50.735433000,10:36:50.897409000
teach-node-06:40490,36,teach-node-06:40290,10:36:50.618191000,10:36:50.671019000,10:36:50.803693000
teach-node-06:40490,36,teach-node-06:40390,10:36:50.618191000,10:36:50.667805000,10:36:50.893797000
teach-node-06:40490,36,teach-node-06:40490,10:36:50.618191000,10:36:50.673113000,10:36:50.778204000
teach-node-06:40490,37,teach-node-06:40190,10:36:50.619244000,10:36:50.735734000,10:36:50.898839000
teach-node-06:40490,37,teach-node-06:40290,10:36:50.619244000,10:36:50.672420000,10:36:50.805847000
teach-node-06:40490,37,teach-node-06:40390,10:36:50.619244000,10:36:50.702897000,10:36:50.904835000
teach-node-06:40490,37,teach-node-06:40490,10:36:50.619244000,10:36:50.675561000,10:36:50.779609000
teach-node-06:40490,38,teach-node-06:40190,10:36:50.635549000,10:36:50.740385000,
teach-node-06:40490,38,teach-node-06:40290,10:36:50.635549000,10:36:50.673238000,10:36:50.816330000
teach-node-06:40490,38,teach-node-06:40390,10:36:50.635549000,10:36:50.703475000,
teach-node-06:40490,38,teach-node-06:40490,10:36:50.635549000,10:36:50.678092000,10:36:50.788417000
teach-node-06:40490,39,teach-node-06:40190,10:36:50.658149000,10:36:50.740718000,10:36:50.900528000
teach-node-06:40490,39,teach-node-06:40290,10:36:50.658149000,10:36:50.673931000,10:36:50.817234000
teach-node-06:40490,39,teach-node-06:40390,10:36:50.658149000,10:36:50.704034000,10:36:50.905765000
teach-node-06:40490,39,teach-node-06:40490,10:36:50.658149000,10:36:50.678540000,10:36:50.789413000
teach-node-06:40490,40,teach-node-06:40190,10:36:50.661480000,10:36:50.745021000,10:36:50.901515000
teach-node-06:40490,40,teach-node-06:40290,10:36:50.661480000,10:36:50.676429000,10:36:50.829288000
teach-node-06:40490,40,teach-node-06:40390,10:36:50.661480000,10:36:50.704589000,10:36:50.906463000
teach-node-06:40490,40,teach-node-06:40490,10:36:50.661480000,10:36:50.689235000,10:36:50.789887000
teach-node-06:40490,41,teach-node-06:40190,10:36:50.664258000,10:36:50.751550000,10:36:50.902020000
teach-node-06:40490,41,teach-node-06:40290,10:36:50.664258000,10:36:50.678420000,
teach-node-06:40490,41,teach-node-06:40390,10:36:50.664258000,10:36:50.705296000,10:36:50.907803000
teach-node-06:40490,41,teach-node-06:40490,10:36:50.664258000,10:36:50.689686000,10:36:50.790368000
teach-node-06:40490,42,teach-node-06:40190,10:36:50.667727000,10:36:50.751854000,10:36:50.902521000
teach-node-06:40490,42,teach-node-06:40290,10:36:50.667727000,10:36:50.680655000,10:36:50.834833000
teach-node-06:40490,42,teach-node-06:40390,10:36:50.667727000,10:36:50.715122000,10:36:50.908524000
teach-node-06:40490,42,teach-node-06:40490,10:36:50.667727000,10:36:50.690156000,10:36:50.790832000
teach-node-06:40490,43,teach-node-06:40190,10:36:50.670569000,10:36:50.752189000,10:36:50.902997000
teach-node-06:40490,43,teach-node-06:40290,10:36:50.670569000,10:36:50.681185000,10:36:50.835961000
teach-node-06:40490,43,teach-node-06:40390,10:36:50.670569000,10:36:50.720026000,10:36:50.909229000
teach-node-06:40490,43,teach-node-06:40490,10:36:50.670569000,10:36:50.691225000,10:36:50.791302000
teach-node-06:40490,44,teach-node-06:40190,10:36:50.677163000,10:36:50.752488000,10:36:50.903477000
teach-node-06:40490,44,teach-node-06:40290,10:36:50.677163000,10:36:50.688708000,10:36:50.837857000
teach-node-06:40490,44,teach-node-06:40390,10:36:50.677163000,10:36:50.720744000,10:36:50.909920000
teach-node-06:40490,44,teach-node-06:40490,10:36:50.677163000,10:36:50.691739000,10:36:50.791788000
teach-node-06:40490,45,teach-node-06:40190,10:36:50.679057000,10:36:50.752802000,10:36:50.911281000
teach-node-06:40490,45,teach-node-06:40290,10:36:50.679057000,10:36:50.717333000,10:36:50.838947000
teach-node-06:40490,45,teach-node-06:40390,10:36:50.679057000,10:36:50.721273000,10:36:50.910586000
teach-node-06:40490,45,teach-node-06:40490,10:36:50.679057000,10:36:50.713227000,10:36:50.794793000
teach-node-06:40490,46,teach-node-06:40190,10:36:50.684996000,10:36:50.765256000,10:36:50.932897000
teach-node-06:40490,46,teach-node-06:40290,10:36:50.684996000,10:36:50.717803000,10:36:50.848422000
teach-node-06:40490,46,teach-node-06:40390,10:36:50.684996000,10:36:50.721780000,10:36:50.924665000
teach-node-06:40490,46,teach-node-06:40490,10:36:50.684996000,10:36:50.721814000,10:36:50.795605000
teach-node-06:40490,47,teach-node-06:40190,10:36:50.685916000,10:36:50.766695000,10:36:50.933415000
teach-node-06:40490,47,teach-node-06:40290,10:36:50.685916000,10:36:50.742341000,10:36:50.850365000
teach-node-06:40490,47,teach-node-06:40390,10:36:50.685916000,10:36:50.725256000,10:36:50.925295000
teach-node-06:40490,47,teach-node-06:40490,10:36:50.685916000,10:36:50.724119000,10:36:50.800544000
teach-node-06:40490,48,teach-node-06:40190,10:36:50.686821000,10:36:50.767000000,10:36:50.933893000
teach-node-06:40490,48,teach-node-06:40290,10:36:50.686821000,10:36:50.754768000,10:36:50.851014000
teach-node-06:40490,48,teach-node-06:40390,10:36:50.686821000,10:36:50.734064000,
teach-node-06:40490,48,teach-node-06:40490,10:36:50.686821000,10:36:50.724540000,10:36:50.801092000
teach-node-06:40490,49,teach-node-06:40190,10:36:50.687721000,10:36:50.767300000,10:36:50.934378000
teach-node-06:40490,49,teach-node-06:40290,10:36:50.687721000,10:36:50.756878000,10:36:50.891168000
teach-node-06:40490,49,teach-node-06:40390,10:36:50.687721000,10:36:50.734678000,10:36:50.928677000
teach-node-06:40490,49,teach-node-06:40490,10:36:50.687721000,10:36:50.725398000,10:36:50.801586000
teach-node-06:40490,50,teach-node-06:40190,10:36:50.718668000,10:36:50.767632000,10:36:50.934857000
teach-node-06:40490,50,teach-node-06:40290,10:36:50.718668000,10:36:50.757638000,10:36:50.898256000
teach-node-06:40490,50,teach-node-06:40390,10:36:50.718668000,10:36:50.735248000,10:36:50.929374000
teach-node-06:40490,50,teach-node-06:40490,10:36:50.718668000,10:36:50.726821000,10:36:50.805977000
teach-node-06:40490,51,teach-node-06:40190,10:36:50.723260000,10:36:50.768002000,10:36:50.935338000
teach-node-06:40490,51,teach-node-06:40290,10:36:50.723260000,10:36:50.758049000,10:36:50.902007000
teach-node-06:40490,51,teach-node-06:40390,10:36:50.723260000,10:36:50.744900000,
teach-node-06:40490,51,teach-node-06:40490,10:36:50.723260000,10:36:50.744446000,10:36:50.821400000
teach-node-06:40490,52,teach-node-06:40190,10:36:50.733615000,10:36:50.768306000,10:36:50.935820000
teach-node-06:40490,52,teach-node-06:40290,10:36:50.733615000,10:36:50.762863000,10:36:50.949742000
teach-node-06:40490,52,teach-node-06:40390,10:36:50.733615000,10:36:50.750496000,10:36:50.959289000
teach-node-06:40490,52,teach-node-06:40490,10:36:50.733615000,10:36:50.745372000,10:36:50.825601000
teach-node-06:40490,53,teach-node-06:40190,10:36:50.734583000,10:36:50.768638000,
teach-node-06:40490,53,teach-node-06:40290,10:36:50.734583000,10:36:50.765051000,10:36:50.950405000
teach-node-06:40490,53,teach-node-06:40390,10:36:50.734583000,10:36:50.755007000,10:36:50.959988000
teach-node-06:40490,53,teach-node-06:40490,10:36:50.734583000,10:36:50.755672000,10:36:50.828994000
teach-node-06:40490,54,teach-node-06:40190,10:36:50.735452000,10:36:50.768962000,10:36:50.952822000
teach-node-06:40490,54,teach-node-06:40290,10:36:50.735452000,10:36:50.765468000,10:36:50.951016000
teach-node-06:40490,54,teach-node-06:40390,10:36:50.735452000,10:36:50.760708000,10:36:50.968944000
teach-node-06:40490,54,teach-node-06:40490,10:36:50.735452000,10:36:50.758371000,10:36:50.830487000
teach-node-06:40490,55,teach-node-06:40190,10:36:50.745478000,10:36:50.769303000,10:36:50.996156000
teach-node-06:40490,55,teach-node-06:40290,10:36:50.745478000,10:36:50.765890000,10:36:50.952078000
teach-node-06:40490,55,teach-node-06:40390,10:36:50.745478000,10:36:50.761263000,10:36:50.969542000
teach-node-06:40490,55,teach-node-06:40490,10:36:50.745478000,10:36:50.760514000,
teach-node-06:40490,56,teach-node-06:40190,10:36:50.746455000,10:36:50.769629000,10:36:51.011289000
teach-node-06:40490,56,teach-node-06:40290,10:36:50.746455000,10:36:50.776929000,10:36:50.968699000
teach-node-06:40490,56,teach-node-06:40390,10:36:50.746455000,10:36:50.761725000,10:36:50.970156000
teach-node-06:40490,56,teach-node-06:40490,10:36:50.746455000,10:36:50.772005000,10:36:50.835691000
teach-node-06:40490,57,teach-node-06:40190,10:36:50.747781000,10:36:50.769927000,10:36:51.015829000
teach-node-06:40490,57,teach-node-06:40290,10:36:50.747781000,10:36:50.777887000,10:36:50.970716000
teach-node-06:40490,57,teach-node-06:40390,10:36:50.747781000,10:36:50.762276000,10:36:50.970772000
teach-node-06:40490,57,teach-node-06:40490,10:36:50.747781000,10:36:50.774368000,10:36:50.836191000
teach-node-06:40490,58,teach-node-06:40190,10:36:50.748693000,10:36:50.770239000,10:36:51.036815000
teach-node-06:40490,58,teach-node-06:40290,10:36:50.748693000,10:36:50.778851000,10:36:50.972708000
teach-node-06:40490,58,teach-node-06:40390,10:36:50.748693000,10:36:50.762770000,10:36:50.971353000
teach-node-06:40490,58,teach-node-06:40490,10:36:50.748693000,10:36:50.774749000,10:36:50.836683000
teach-node-06:40490,59,teach-node-06:40190,10:36:50.749572000,10:36:50.770602000,10:36:51.038579000
teach-node-06:40490,59,teach-node-06:40290,10:36:50.749572000,10:36:50.797390000,10:36:50.974603000
teach-node-06:40490,59,teach-node-06:40390,10:36:50.749572000,10:36:50.763234000,
teach-node-06:40490,59,teach-node-06:40490,10:36:50.749572000,10:36:50.775234000,10:36:50.837141000
teach-node-06:40490,60,teach-node-06:40190,10:36:50.750428000,10:36:50.770930000,10:36:51.040351000
teach-node-06:40490,60,teach-node-06:40290,10:36:50.750428000,10:36:50.798466000,10:36:50.998158000
teach-node-06:40490,60,teach-node-06:40390,10:36:50.750428000,10:36:50.763749000,10:36:50.972170000
teach-node-06:40490,60,teach-node-06:40490,10:36:50.750428000,10:36:50.775631000,10:36:50.837629000
